rank,name,position
1,Jonathan Taylor,RB
2,Bijan Robinson,RB
3,Christian McCaffrey,RB
4,Puka Nacua,WR
5,Ja'Marr Chase,WR
6,Jahmyr Gibbs,RB
7,Jaxon Smith-Njigba,WR
8,CeeDee Lamb,WR
9,De'Von Achane,RB
10,Amon-Ra St. Brown,WR
11,Josh Jacobs,RB
12,James Cook III,RB
13,Rashee Rice,WR
14,Justin Jefferson,WR
15,Derrick Henry,RB
16,Saquon Barkley,RB
17,Javonte Williams,RB
18,Drake London,WR
19,Davante Adams,WR
20,Kyren Williams,RB
21,Josh Allen,QB
22,Emeka Egbuka,WR
23,Ashton Jeanty,RB
24,Nico Collins,WR
25,Lamar Jackson,QB
26,Bucky Irving,RB
27,Brock Bowers,TE
28,Trey McBride,TE
29,George Pickens,WR
30,Rico Dowdle,RB
31,Patrick Mahomes II,QB
32,Jaylen Waddle,WR
33,Jalen Hurts,QB
34,Quinshon Judkins,RB
35,A.J. Brown,WR
36,Garrett Wilson,WR
37,Breece Hall,RB
38,Rome Odunze,WR
39,Ladd McConkey,WR
40,Chase Brown,RB
41,Michael Pittman Jr.,WR
42,Courtland Sutton,WR
43,Zay Flowers,WR
44,Jaylen Warren,RB
45,Tee Higgins,WR
46,DK Metcalf,WR
47,Tetairoa McMillan,WR
48,J.K. Dobbins,RB
49,Tyler Warren,TE
50,Drake Maye,QB
51,Travis Etienne Jr.,RB
52,DeVonta Smith,WR
53,Marvin Harrison Jr.,WR
54,Kenneth Walker III,RB
55,D'Andre Swift,RB
56,Dak Prescott,QB
57,Omarion Hampton,RB
58,Chris Olave,WR
59,Stefon Diggs,WR
60,Justin Herbert,QB
61,Jordan Addison,WR
62,David Montgomery,RB
63,Deebo Samuel Sr.,WR
64,Xavier Worthy,WR
65,Brian Thomas Jr.,WR
66,Keenan Allen,WR
67,George Kittle,TE
68,Baker Mayfield,QB
69,Daniel Jones,QB
70,Jacory Croskey-Merritt,RB
71,Oronde Gadsden II,TE
72,Kyle Monangai,RB
73,Quentin Johnston,WR
74,Jake Ferguson,TE
75,Jameson Williams,WR
76,TreVeyon Henderson,RB
77,Romeo Doubs,WR
78,Ricky Pearsall,WR
79,Jaxson Dart,QB
80,Sam LaPorta,TE
81,Jauan Jennings,WR
82,Wan'Dale Robinson,WR
83,Alvin Kamara,RB
84,DJ Moore,WR
85,RJ Harvey,RB
86,Bo Nix,QB
87,Khalil Shakir,WR
88,Matthew Stafford,QB
89,Kimani Vidal,RB
90,Jordan Mason,RB
91,Rashid Shaheed,WR
92,Rhamondre Stevenson,RB
93,Dallas Goedert,TE
94,Terry McLaurin,WR
95,Caleb Williams,QB
96,Zach Charbonnet,RB
97,Travis Kelce,TE
98,Jared Goff,QB
99,Troy Franklin,WR
100,Tyrone Tracy Jr.,RB
101,Dalton Kincaid,TE
102,Woody Marks,RB
103,Josh Downs,WR
104,Jakobi Meyers,WR
105,Aaron Jones Sr.,RB
106,Sam Darnold,QB
107,Alec Pierce,WR
108,Joe Flacco,QB
109,Trey Benson,RB
110,Jordan Love,QB
111,Tony Pollard,RB
112,Kyle Pitts Sr.,TE
113,Harold Fannin Jr.,TE
114,Kayshon Boutte,WR
115,Isiah Pacheco,RB
116,Keon Coleman,WR
117,Rachaad White,RB
118,Christian Watson,WR
119,Tez Johnson,WR
120,Hunter Henry,TE
121,Justin Fields,QB
122,Brock Purdy,QB
123,Darius Slayton,WR
124,Tyjae Spears,RB
125,Colston Loveland,TE
126,Jerry Jeudy,WR
127,Chuba Hubbard,RB
128,Tre Tucker,WR
129,Darnell Mooney,WR
130,Nick Chubb,RB
131,Matthew Golden,WR
132,Chris Godwin Jr.,WR
133,Trevor Lawrence,QB
134,T.J. Hockenson,TE
135,Bhayshul Tuten,RB
136,Calvin Ridley,WR
137,Mark Andrews,TE
138,Mason Taylor,TE
139,C.J. Stroud,QB
140,Brian Robinson Jr.,RB
141,Zach Ertz,TE
142,Kenneth Gainwell,RB
143,Elic Ayomanor,WR
144,Kareem Hunt,RB
145,Zonovan Knight,RB
146,Tyler Allgeier,RB
147,Juwan Johnson,TE
148,Travis Hunter,WR
149,J.J. McCarthy,QB
150,Blake Corum,RB
151,Chimere Dike,WR
152,Isaiah Davis,RB
153,Aaron Rodgers,QB
154,Luther Burden III,WR
155,Theo Johnson,TE
156,Tank Bigsby,RB
157,Brashard Smith,RB
158,Tory Horton,WR
159,Brandon Aiyuk,WR
160,Parker Washington,WR
161,Cooper Kupp,WR
162,Rashod Bateman,WR
163,Michael Penix Jr.,QB
164,Jalen Coker,WR
165,Ollie Gordon II,RB
166,David Njoku,TE
167,Dylan Sampson,RB
168,Kendrick Bourne,WR
169,Cade Otton,TE
170,Marvin Mims Jr.,WR
171,Jayden Daniels,QB
172,Christian Kirk,WR
173,Dalton Schultz,TE
174,Denver Broncos,DST
175,Jayden Higgins,WR
176,Ray Davis,RB
177,Marquise Brown,WR
178,Jayden Reed,WR
179,Isaiah Likely,TE
180,Devin Singletary,RB
181,Evan Engram,TE
182,Houston Texans,DST
183,Tua Tagovailoa,QB
184,Marcus Mariota,QB
185,Jacoby Brissett,QB
186,Geno Smith,QB
187,Devin Neal,RB
188,Malik Washington,WR
189,Chris Rodriguez Jr.,RB
190,Luke Musgrave,TE
191,Brandon Aubrey,K
192,Jaylin Noel,WR
193,AJ Barner,TE
194,Seattle Seahawks,DST
195,DeMario Douglas,WR
196,Jonnu Smith,TE
197,Pittsburgh Steelers,DST
198,Olamide Zaccheaus,WR
199,Jeremy McNichols,RB
200,Emari Demercado,RB
201,Cameron Dicker,K
202,New England Patriots,DST
203,Kyler Murray,QB
204,Brenton Strange,TE
205,Detroit Lions,DST
206,Philadelphia Eagles,DST
207,Buffalo Bills,DST
208,Joshua Palmer,WR
209,Ka'imi Fairbairn,K
210,Calvin Austin III,WR
211,Kaleb Johnson,RB
212,Jake Bates,K
213,Jaydon Blue,RB
214,Dontayvion Wicks,WR
215,Emanuel Wilson,RB
216,Mike Evans,WR
217,Chase McLaughlin,K
218,Minnesota Vikings,DST
219,Green Bay Packers,DST
220,Sean Tucker,RB
221,Los Angeles Rams,DST
222,Isaac TeSlaa,WR
223,Dyami Brown,WR
224,Michael Wilson,WR
225,Elijah Arroyo,TE
226,DeAndre Hopkins,WR
227,Bryce Young,QB
228,Pat Freiermuth,TE
229,Jerome Ford,RB
230,Kansas City Chiefs,DST
231,Noah Fant,TE
232,Tyler Loop,K
233,Chig Okonkwo,TE
234,Harrison Butker,K
235,Los Angeles Chargers,DST
236,Chris Boswell,K
237,Sterling Shepard,WR
238,Jaylin Lane,WR
239,Cleveland Browns,DST
240,Xavier Legette,WR
241,Darren Waller,TE
242,Cedric Tillman,WR
243,Tyquan Thornton,WR
244,Tre Harris,WR
245,Tampa Bay Buccaneers,DST
246,Wil Lutz,K
247,Samaje Perine,RB
248,Isaiah Bond,WR
249,Will Shipley,RB
250,Keaton Mitchell,RB
251,Jake Elliott,K
252,Justice Hill,RB
253,Jack Bech,WR
254,Roman Wilson,WR
255,Hassan Haskins,RB
256,KaVontae Turpin,WR
257,Dont'e Thornton Jr.,WR
258,Tahj Brooks,RB
259,Adonai Mitchell,WR
260,Cam Ward,QB
261,Michael Carter,RB
262,Evan McPherson,K
263,DJ Giddens,RB
264,Jacksonville Jaguars,DST
265,Pat Bryant,WR
266,Ja'Tavion Sanders,TE
267,Indianapolis Colts,DST
268,San Francisco 49ers,DST
269,Cole Kmet,TE
270,Ty Johnson,RB
271,Baltimore Ravens,DST
272,Andrei Iosivas,WR
273,Cam Little,K
274,Mac Jones,QB
275,Matt Gay,K
276,Tyler Higbee,TE
277,Will Reichard,K
278,Eddy Pineiro,K
279,LeQuint Allen Jr.,RB
280,Jalen Nailor,WR
281,Kyle Williams,WR
282,Jaylen Wright,RB
283,Arizona Cardinals,DST
284,MarShawn Lloyd,RB
285,Gunnar Helm,TE
286,Tyler Bass,K
287,Brandon McManus,K
288,Devaughn Vele,WR
289,Xavier Hutchinson,WR
290,Joe Mixon,RB
291,Jarquez Hunter,RB
292,Tyler Badie,RB
293,Taysom Hill,TE
294,Isaac Guerendo,RB
295,Jordan Whittington,WR
296,Chris Brooks,RB
297,Mike Gesicki,TE
298,Trevor Etienne,RB
299,Jason Myers,K
300,Dameon Pierce,RB
301,Tyler Shough,QB
302,Adam Thielen,WR
303,Michael Mayer,TE
304,JuJu Smith-Schuster,WR
305,Braelon Allen,RB
306,Roschon Johnson,RB
307,Hunter Renfrow,WR
308,Michael Badgley,K
309,Matt Prater,K
310,Jalen McMillan,WR
311,Jalen Royals,WR
312,Joshua Karty,K
313,Joe Burrow,QB
314,Tutu Atwell,WR
315,Raheem Mostert,RB
316,Chicago Bears,DST
317,Atlanta Falcons,DST
318,Terrance Ferguson,TE
319,Nick Westbrook-Ikhine,WR
320,Washington Commanders,DST
321,Jason Sanders,K
322,Josh Reynolds,WR
323,Daniel Carlson,K
324,Hunter Long,TE
325,Savion Williams,WR
326,Tyler Lockett,WR
327,Brandin Cooks,WR
328,Ryan Flournoy,WR
329,Noah Brown,WR
330,Younghoe Koo,K
331,Jalen Tolbert,WR
332,Darnell Washington,TE
333,Dillon Gabriel,QB
334,Chad Ryland,K
335,Mack Hollins,WR
336,Carolina Panthers,DST
337,A.J. Dillon,RB
338,Dallas Cowboys,DST
339,Austin Hooper,TE
340,Zamir White,RB
341,New York Giants,DST
342,Cairo Santos,K
343,Tennessee Titans,DST
344,Luke McCaffrey,WR
345,New Orleans Saints,DST
346,Spencer Rattler,QB
347,New York Jets,DST
348,Jordan James,RB
349,KeAndre Lambert-Smith,WR
350,Jahan Dotson,WR
351,Elijah Moore,WR
352,Colby Parkinson,TE
353,Tyler Conklin,TE
354,Tommy Tremble,TE
355,Noah Gray,TE
356,Miami Dolphins,DST
357,Elijah Mitchell,RB
358,Chris Moore,WR
359,Matthew Wright,K
360,George Holani,RB
361,Tyrod Taylor,QB
362,Russell Wilson,QB
363,Jaleel McLaughlin,RB
364,Dawson Knox,TE
365,Kalel Mullings,RB
366,Zay Jones,WR
367,Julius Chestnut,RB
368,Arian Smith,WR
369,Jaret Patterson,RB
370,Ray-Ray McCloud III,WR
371,Jake Tonges,TE
372,Ben Sinnott,TE
373,Tyler Johnson,WR
374,Kirk Cousins,QB
375,Jake Moody,K
376,Tim Patrick,WR
377,Andy Dalton,QB
378,Cade Stover,TE
379,Jared Wiley,TE
380,Adam Trautman,TE
381,Drew Sample,TE
382,Mitchell Evans,TE
383,Elijah Higgins,TE
384,Will Dissly,TE
385,Malik Willis,QB
386,Phil Mafah,RB
387,Greg Dulcich,TE
388,Curtis Samuel,WR
389,Andy Borregales,K
390,Jameis Winston,QB
391,Jamari Thrash,WR
392,Kenny Pickett,QB
393,Raheim Sanders,RB
394,Zavier Scott,RB
395,Graham Gano,K
396,Jake Browning,QB
397,Blake Grupe,K
398,Nick Folk,K
399,Jalen Milroe,QB
